{
  "Astar": 0.0002508061147874529,
  "tau": 1.5906401673640165,
  "ell": 1.1,
  "dr": 1.2,
  "Bstar": 0.0001140027794488422
}