{
  "R_bubble_m": 20.0,
  "shell_thickness_m": 0.5,
  "V_shell_m3": 2450.9658685756367,
  "throat_radius_m": 2.0,
  "throat_length_m": 10.0,
  "A_throat_m2": 12.566370614359172,
  "V_throat_m3": 125.66370614359172,
  "E_density_20T_J_per_m3": 159154943.09189534,
  "P_20T_Pa": 159154943.09189534,
  "E_field_20T_J": 390083333333.3333,
  "photon_energy_J_at_1550nm": 1.2815779723541474e-19,
  "pulse_energy_J": 1.0,
  "num_photons_in_pulse": 7.8028806796912e+18,
  "pulse_width_s": 1e-10,
  "pulse_width_label": "100 ps"
}